Sender,Subject,Body,Hyperlink,Additional_Word
trusted_sender,Important Information,Please confirm your account details,http://example.com,transaction
suspicious_sender,Urgent Action Required,Your account has been compromised,http://phishingsite.com,password
trusted_sender,Important Information,Click here to claim your prize,http://example.com,password
trusted_sender,Important Information,Click here to claim your prize,http://clickme.com,warning
trusted_sender,Urgent Action Required,Please confirm your account details,http://phishingsite.com,authentication
suspicious_sender,Important Information,Click here to claim your prize,http://clickme.com,credit
trusted_sender,Urgent Action Required,Click here to claim your prize,http://phishingsite.com,password
trusted_sender,Important Information,Your account has been compromised,http://example.com,urgent
trusted_sender,Congratulations!,Click here to claim your prize,http://clickme.com,security
suspicious_sender,Congratulations!,Your account has been compromised,http://clickme.com,urgent
trusted_sender,Important Information,Please confirm your account details,http://phishingsite.com,alert
trusted_sender,Important Information,Click here to claim your prize,http://clickme.com,alert
trusted_sender,Important Information,Your account has been compromised,http://phishingsite.com,suspicious
trusted_sender,Congratulations!,Please confirm your account details,http://phishingsite.com,account
suspicious_sender,Important Information,Click here to claim your prize,http://phishingsite.com,payment
trusted_sender,Congratulations!,Please confirm your account details,http://phishingsite.com,urgent
suspicious_sender,Urgent Action Required,Click here to claim your prize,http://example.com,security
suspicious_sender,Congratulations!,Please confirm your account details,http://phishingsite.com,login
suspicious_sender,Congratulations!,Please confirm your account details,http://clickme.com,verify
trusted_sender,Urgent Action Required,Your account has been compromised,http://example.com,fraud
suspicious_sender,Congratulations!,Please confirm your account details,http://clickme.com,warning
trusted_sender,Important Information,Click here to claim your prize,http://example.com,urgent
suspicious_sender,Important Information,Click here to claim your prize,http://phishingsite.com,fraud
suspicious_sender,Congratulations!,Your account has been compromised,http://example.com,credit
suspicious_sender,Important Information,Click here to claim your prize,http://example.com,alert
suspicious_sender,Congratulations!,Click here to claim your prize,http://clickme.com,account
suspicious_sender,Important Information,Click here to claim your prize,http://clickme.com,verify
suspicious_sender,Important Information,Please confirm your account details,http://phishingsite.com,credit
suspicious_sender,Congratulations!,Please confirm your account details,http://example.com,identity
suspicious_sender,Important Information,Click here to claim your prize,http://example.com,identity
trusted_sender,Congratulations!,Your account has been compromised,http://example.com,credit
trusted_sender,Important Information,Please confirm your account details,http://phishingsite.com,information
suspicious_sender,Important Information,Your account has been compromised,http://phishingsite.com,security
suspicious_sender,Urgent Action Required,Click here to claim your prize,http://phishingsite.com,fraud
suspicious_sender,Urgent Action Required,Click here to claim your prize,http://phishingsite.com,login
trusted_sender,Congratulations!,Please confirm your account details,http://phishingsite.com,information
suspicious_sender,Urgent Action Required,Click here to claim your prize,http://clickme.com,urgent
trusted_sender,Congratulations!,Please confirm your account details,http://example.com,risk
trusted_sender,Urgent Action Required,Click here to claim your prize,http://example.com,warning
trusted_sender,Important Information,Click here to claim your prize,http://example.com,suspicious
trusted_sender,Congratulations!,Please confirm your account details,http://example.com,risk
trusted_sender,Congratulations!,Please confirm your account details,http://example.com,urgent
suspicious_sender,Important Information,Please confirm your account details,http://example.com,suspicious
suspicious_sender,Congratulations!,Click here to claim your prize,http://example.com,payment
suspicious_sender,Congratulations!,Click here to claim your prize,http://example.com,alert
suspicious_sender,Urgent Action Required,Your account has been compromised,http://clickme.com,security
suspicious_sender,Congratulations!,Please confirm your account details,http://example.com,phishing
trusted_sender,Important Information,Click here to claim your prize,http://clickme.com,suspicious
suspicious_sender,Urgent Action Required,Click here to claim your prize,http://phishingsite.com,risk
suspicious_sender,Urgent Action Required,Please confirm your account details,http://example.com,warning
trusted_sender,Important Information,Your account has been compromised,http://phishingsite.com,phishing
suspicious_sender,Important Information,Please confirm your account details,http://phishingsite.com,identity
trusted_sender,Urgent Action Required,Your account has been compromised,http://phishingsite.com,alert
suspicious_sender,Congratulations!,Click here to claim your prize,http://clickme.com,credit
trusted_sender,Urgent Action Required,Your account has been compromised,http://phishingsite.com,fraud
suspicious_sender,Important Information,Click here to claim your prize,http://phishingsite.com,verify
suspicious_sender,Urgent Action Required,Please confirm your account details,http://phishingsite.com,password
trusted_sender,Important Information,Please confirm your account details,http://example.com,suspicious
trusted_sender,Urgent Action Required,Please confirm your account details,http://example.com,password
trusted_sender,Congratulations!,Your account has been compromised,http://clickme.com,account
trusted_sender,Urgent Action Required,Click here to claim your prize,http://clickme.com,password
trusted_sender,Urgent Action Required,Please confirm your account details,http://example.com,authentication
trusted_sender,Important Information,Please confirm your account details,http://clickme.com,transaction
trusted_sender,Important Information,Click here to claim your prize,http://example.com,transaction
trusted_sender,Important Information,Please confirm your account details,http://phishingsite.com,fraud
suspicious_sender,Urgent Action Required,Click here to claim your prize,http://phishingsite.com,login
suspicious_sender,Congratulations!,Click here to claim your prize,http://clickme.com,payment
trusted_sender,Important Information,Click here to claim your prize,http://example.com,suspicious
suspicious_sender,Important Information,Click here to claim your prize,http://example.com,urgent
suspicious_sender,Urgent Action Required,Click here to claim your prize,http://clickme.com,credit
suspicious_sender,Important Information,Your account has been compromised,http://example.com,alert
suspicious_sender,Congratulations!,Please confirm your account details,http://phishingsite.com,payment
trusted_sender,Congratulations!,Your account has been compromised,http://clickme.com,authentication
suspicious_sender,Important Information,Please confirm your account details,http://clickme.com,verification
trusted_sender,Important Information,Your account has been compromised,http://example.com,risk
suspicious_sender,Urgent Action Required,Click here to claim your prize,http://clickme.com,login
suspicious_sender,Congratulations!,Please confirm your account details,http://example.com,alert
suspicious_sender,Congratulations!,Please confirm your account details,http://example.com,authentication
trusted_sender,Important Information,Your account has been compromised,http://example.com,authentication
suspicious_sender,Urgent Action Required,Your account has been compromised,http://example.com,verification
trusted_sender,Congratulations!,Please confirm your account details,http://example.com,security
suspicious_sender,Congratulations!,Your account has been compromised,http://clickme.com,verify
trusted_sender,Urgent Action Required,Your account has been compromised,http://phishingsite.com,security
suspicious_sender,Urgent Action Required,Your account has been compromised,http://phishingsite.com,verification
trusted_sender,Congratulations!,Click here to claim your prize,http://clickme.com,payment
trusted_sender,Congratulations!,Click here to claim your prize,http://clickme.com,credit
suspicious_sender,Urgent Action Required,Your account has been compromised,http://phishingsite.com,password
trusted_sender,Congratulations!,Your account has been compromised,http://phishingsite.com,verification
suspicious_sender,Important Information,Click here to claim your prize,http://phishingsite.com,identity
suspicious_sender,Important Information,Click here to claim your prize,http://phishingsite.com,verification
suspicious_sender,Urgent Action Required,Please confirm your account details,http://phishingsite.com,credit
suspicious_sender,Urgent Action Required,Please confirm your account details,http://example.com,verification
suspicious_sender,Urgent Action Required,Click here to claim your prize,http://clickme.com,identity
suspicious_sender,Important Information,Your account has been compromised,http://example.com,identity
suspicious_sender,Congratulations!,Your account has been compromised,http://phishingsite.com,transaction
suspicious_sender,Important Information,Your account has been compromised,http://phishingsite.com,alert
suspicious_sender,Congratulations!,Your account has been compromised,http://phishingsite.com,fraud
suspicious_sender,Important Information,Please confirm your account details,http://example.com,phishing
suspicious_sender,Congratulations!,Click here to claim your prize,http://example.com,update
trusted_sender,Important Information,Your account has been compromised,http://phishingsite.com,security
trusted_sender,Urgent Action Required,Please confirm your account details,http://example.com,credit
suspicious_sender,Important Information,Your account has been compromised,http://example.com,account
suspicious_sender,Congratulations!,Click here to claim your prize,http://phishingsite.com,transaction
suspicious_sender,Important Information,Please confirm your account details,http://example.com,authentication
suspicious_sender,Important Information,Click here to claim your prize,http://clickme.com,alert
suspicious_sender,Important Information,Click here to claim your prize,http://clickme.com,warning
suspicious_sender,Urgent Action Required,Please confirm your account details,http://clickme.com,urgent
suspicious_sender,Important Information,Please confirm your account details,http://clickme.com,verify
suspicious_sender,Urgent Action Required,Please confirm your account details,http://phishingsite.com,warning
trusted_sender,Urgent Action Required,Please confirm your account details,http://phishingsite.com,phishing
suspicious_sender,Important Information,Please confirm your account details,http://phishingsite.com,update
trusted_sender,Important Information,Please confirm your account details,http://clickme.com,phishing
suspicious_sender,Important Information,Please confirm your account details,http://clickme.com,warning
suspicious_sender,Congratulations!,Your account has been compromised,http://example.com,verify
trusted_sender,Important Information,Click here to claim your prize,http://example.com,login
suspicious_sender,Urgent Action Required,Please confirm your account details,http://clickme.com,update
trusted_sender,Important Information,Your account has been compromised,http://clickme.com,authentication
suspicious_sender,Congratulations!,Your account has been compromised,http://clickme.com,verification
suspicious_sender,Important Information,Your account has been compromised,http://clickme.com,account
trusted_sender,Congratulations!,Click here to claim your prize,http://example.com,update
suspicious_sender,Congratulations!,Please confirm your account details,http://clickme.com,fraud
trusted_sender,Important Information,Your account has been compromised,http://example.com,payment
suspicious_sender,Urgent Action Required,Click here to claim your prize,http://clickme.com,credit
trusted_sender,Congratulations!,Click here to claim your prize,http://clickme.com,warning
trusted_sender,Important Information,Click here to claim your prize,http://clickme.com,account
suspicious_sender,Important Information,Your account has been compromised,http://example.com,security
suspicious_sender,Urgent Action Required,Please confirm your account details,http://example.com,alert
trusted_sender,Congratulations!,Your account has been compromised,http://phishingsite.com,warning
suspicious_sender,Congratulations!,Your account has been compromised,http://clickme.com,suspicious
suspicious_sender,Important Information,Please confirm your account details,http://phishingsite.com,risk
suspicious_sender,Important Information,Please confirm your account details,http://phishingsite.com,transaction
trusted_sender,Urgent Action Required,Please confirm your account details,http://example.com,password
trusted_sender,Urgent Action Required,Click here to claim your prize,http://example.com,transaction
trusted_sender,Congratulations!,Please confirm your account details,http://phishingsite.com,risk
trusted_sender,Congratulations!,Your account has been compromised,http://clickme.com,fraud
trusted_sender,Important Information,Please confirm your account details,http://example.com,credit
trusted_sender,Congratulations!,Your account has been compromised,http://clickme.com,update
trusted_sender,Urgent Action Required,Click here to claim your prize,http://clickme.com,login
trusted_sender,Urgent Action Required,Your account has been compromised,http://phishingsite.com,urgent
trusted_sender,Important Information,Your account has been compromised,http://phishingsite.com,password
suspicious_sender,Urgent Action Required,Please confirm your account details,http://phishingsite.com,update
trusted_sender,Urgent Action Required,Please confirm your account details,http://phishingsite.com,login
suspicious_sender,Urgent Action Required,Your account has been compromised,http://example.com,phishing
suspicious_sender,Urgent Action Required,Please confirm your account details,http://example.com,phishing
suspicious_sender,Important Information,Click here to claim your prize,http://phishingsite.com,identity
trusted_sender,Important Information,Click here to claim your prize,http://example.com,verify
trusted_sender,Congratulations!,Please confirm your account details,http://phishingsite.com,update
trusted_sender,Urgent Action Required,Click here to claim your prize,http://clickme.com,suspicious
trusted_sender,Congratulations!,Please confirm your account details,http://clickme.com,credit
suspicious_sender,Important Information,Your account has been compromised,http://clickme.com,warning
trusted_sender,Important Information,Your account has been compromised,http://phishingsite.com,security
trusted_sender,Important Information,Click here to claim your prize,http://clickme.com,fraud
trusted_sender,Important Information,Please confirm your account details,http://example.com,verification
trusted_sender,Important Information,Please confirm your account details,http://clickme.com,alert
trusted_sender,Important Information,Click here to claim your prize,http://clickme.com,identity
suspicious_sender,Important Information,Your account has been compromised,http://clickme.com,account
trusted_sender,Urgent Action Required,Click here to claim your prize,http://example.com,information
suspicious_sender,Congratulations!,Your account has been compromised,http://phishingsite.com,account
trusted_sender,Important Information,Please confirm your account details,http://example.com,suspicious
suspicious_sender,Urgent Action Required,Your account has been compromised,http://phishingsite.com,risk
trusted_sender,Urgent Action Required,Click here to claim your prize,http://phishingsite.com,update
trusted_sender,Congratulations!,Please confirm your account details,http://clickme.com,security
suspicious_sender,Important Information,Click here to claim your prize,http://phishingsite.com,payment
suspicious_sender,Congratulations!,Click here to claim your prize,http://example.com,payment
suspicious_sender,Important Information,Your account has been compromised,http://example.com,update
trusted_sender,Urgent Action Required,Click here to claim your prize,http://phishingsite.com,password
suspicious_sender,Urgent Action Required,Your account has been compromised,http://clickme.com,identity
trusted_sender,Urgent Action Required,Please confirm your account details,http://clickme.com,risk
trusted_sender,Urgent Action Required,Your account has been compromised,http://example.com,password
suspicious_sender,Congratulations!,Please confirm your account details,http://clickme.com,urgent
suspicious_sender,Important Information,Your account has been compromised,http://phishingsite.com,security
trusted_sender,Important Information,Click here to claim your prize,http://phishingsite.com,verify
trusted_sender,Congratulations!,Your account has been compromised,http://example.com,transaction
suspicious_sender,Important Information,Your account has been compromised,http://phishingsite.com,login
suspicious_sender,Urgent Action Required,Please confirm your account details,http://example.com,fraud
suspicious_sender,Important Information,Click here to claim your prize,http://phishingsite.com,risk
trusted_sender,Urgent Action Required,Your account has been compromised,http://example.com,verify
trusted_sender,Congratulations!,Click here to claim your prize,http://clickme.com,identity
trusted_sender,Important Information,Your account has been compromised,http://phishingsite.com,payment
trusted_sender,Congratulations!,Your account has been compromised,http://phishingsite.com,information
trusted_sender,Important Information,Click here to claim your prize,http://example.com,information
trusted_sender,Urgent Action Required,Your account has been compromised,http://example.com,verification
suspicious_sender,Congratulations!,Click here to claim your prize,http://phishingsite.com,urgent
trusted_sender,Important Information,Your account has been compromised,http://example.com,security
trusted_sender,Urgent Action Required,Please confirm your account details,http://phishingsite.com,password
trusted_sender,Congratulations!,Click here to claim your prize,http://clickme.com,account
suspicious_sender,Congratulations!,Your account has been compromised,http://example.com,payment
trusted_sender,Important Information,Your account has been compromised,http://phishingsite.com,urgent
trusted_sender,Important Information,Please confirm your account details,http://clickme.com,warning
suspicious_sender,Important Information,Click here to claim your prize,http://clickme.com,verification
trusted_sender,Urgent Action Required,Your account has been compromised,http://phishingsite.com,password
trusted_sender,Important Information,Please confirm your account details,http://example.com,account
trusted_sender,Congratulations!,Your account has been compromised,http://phishingsite.com,login
trusted_sender,Congratulations!,Click here to claim your prize,http://clickme.com,warning
trusted_sender,Important Information,Your account has been compromised,http://phishingsite.com,security
suspicious_sender,Important Information,Your account has been compromised,http://example.com,suspicious
suspicious_sender,Congratulations!,Your account has been compromised,http://clickme.com,security
suspicious_sender,Urgent Action Required,Your account has been compromised,http://phishingsite.com,transaction
trusted_sender,Important Information,Please confirm your account details,http://example.com,fraud
trusted_sender,Important Information,Please confirm your account details,http://clickme.com,risk
trusted_sender,Congratulations!,Click here to claim your prize,http://example.com,verification
suspicious_sender,Important Information,Please confirm your account details,http://clickme.com,phishing
trusted_sender,Urgent Action Required,Please confirm your account details,http://phishingsite.com,fraud
trusted_sender,Congratulations!,Click here to claim your prize,http://example.com,fraud
suspicious_sender,Important Information,Please confirm your account details,http://clickme.com,login
trusted_sender,Congratulations!,Please confirm your account details,http://example.com,verification
suspicious_sender,Important Information,Click here to claim your prize,http://example.com,account
suspicious_sender,Important Information,Click here to claim your prize,http://phishingsite.com,fraud
suspicious_sender,Important Information,Click here to claim your prize,http://example.com,identity
trusted_sender,Urgent Action Required,Your account has been compromised,http://clickme.com,payment
trusted_sender,Urgent Action Required,Your account has been compromised,http://clickme.com,account
trusted_sender,Congratulations!,Click here to claim your prize,http://clickme.com,warning
trusted_sender,Important Information,Click here to claim your prize,http://clickme.com,verification
trusted_sender,Important Information,Click here to claim your prize,http://phishingsite.com,login
trusted_sender,Urgent Action Required,Your account has been compromised,http://example.com,transaction
trusted_sender,Important Information,Your account has been compromised,http://phishingsite.com,phishing
suspicious_sender,Urgent Action Required,Please confirm your account details,http://example.com,suspicious
trusted_sender,Important Information,Please confirm your account details,http://example.com,risk
suspicious_sender,Congratulations!,Click here to claim your prize,http://example.com,identity
trusted_sender,Important Information,Your account has been compromised,http://phishingsite.com,authentication
trusted_sender,Important Information,Your account has been compromised,http://example.com,password
trusted_sender,Urgent Action Required,Your account has been compromised,http://phishingsite.com,fraud
suspicious_sender,Important Information,Click here to claim your prize,http://clickme.com,risk
suspicious_sender,Important Information,Please confirm your account details,http://clickme.com,phishing
suspicious_sender,Urgent Action Required,Click here to claim your prize,http://example.com,account
suspicious_sender,Congratulations!,Please confirm your account details,http://phishingsite.com,payment
trusted_sender,Congratulations!,Please confirm your account details,http://clickme.com,warning
suspicious_sender,Urgent Action Required,Click here to claim your prize,http://phishingsite.com,identity
trusted_sender,Urgent Action Required,Please confirm your account details,http://phishingsite.com,verification
trusted_sender,Urgent Action Required,Please confirm your account details,http://example.com,verification
suspicious_sender,Urgent Action Required,Your account has been compromised,http://clickme.com,account
suspicious_sender,Urgent Action Required,Please confirm your account details,http://example.com,update
suspicious_sender,Congratulations!,Click here to claim your prize,http://example.com,phishing
suspicious_sender,Congratulations!,Click here to claim your prize,http://clickme.com,alert
suspicious_sender,Urgent Action Required,Please confirm your account details,http://clickme.com,security
suspicious_sender,Important Information,Your account has been compromised,http://phishingsite.com,login
suspicious_sender,Urgent Action Required,Your account has been compromised,http://clickme.com,warning
suspicious_sender,Important Information,Please confirm your account details,http://phishingsite.com,payment
trusted_sender,Urgent Action Required,Please confirm your account details,http://phishingsite.com,update
suspicious_sender,Urgent Action Required,Click here to claim your prize,http://phishingsite.com,account
suspicious_sender,Congratulations!,Please confirm your account details,http://clickme.com,urgent
trusted_sender,Important Information,Your account has been compromised,http://example.com,phishing
suspicious_sender,Important Information,Please confirm your account details,http://phishingsite.com,security
trusted_sender,Congratulations!,Click here to claim your prize,http://example.com,phishing
trusted_sender,Congratulations!,Click here to claim your prize,http://example.com,account
suspicious_sender,Congratulations!,Click here to claim your prize,http://clickme.com,verify
trusted_sender,Congratulations!,Click here to claim your prize,http://example.com,warning
trusted_sender,Important Information,Click here to claim your prize,http://example.com,verify
trusted_sender,Important Information,Please confirm your account details,http://clickme.com,urgent
trusted_sender,Urgent Action Required,Please confirm your account details,http://phishingsite.com,fraud
suspicious_sender,Urgent Action Required,Please confirm your account details,http://example.com,authentication
trusted_sender,Congratulations!,Please confirm your account details,http://clickme.com,alert
suspicious_sender,Congratulations!,Click here to claim your prize,http://example.com,login
trusted_sender,Congratulations!,Your account has been compromised,http://example.com,account
trusted_sender,Urgent Action Required,Please confirm your account details,http://phishingsite.com,information
trusted_sender,Urgent Action Required,Your account has been compromised,http://example.com,phishing
trusted_sender,Urgent Action Required,Please confirm your account details,http://clickme.com,suspicious
suspicious_sender,Urgent Action Required,Please confirm your account details,http://example.com,transaction
suspicious_sender,Urgent Action Required,Your account has been compromised,http://phishingsite.com,payment
trusted_sender,Urgent Action Required,Click here to claim your prize,http://phishingsite.com,security
trusted_sender,Urgent Action Required,Please confirm your account details,http://clickme.com,verification
suspicious_sender,Congratulations!,Please confirm your account details,http://phishingsite.com,verify
trusted_sender,Congratulations!,Please confirm your account details,http://example.com,security
trusted_sender,Congratulations!,Your account has been compromised,http://phishingsite.com,verify
trusted_sender,Congratulations!,Click here to claim your prize,http://clickme.com,urgent
suspicious_sender,Urgent Action Required,Your account has been compromised,http://phishingsite.com,update
suspicious_sender,Important Information,Your account has been compromised,http://phishingsite.com,account
suspicious_sender,Urgent Action Required,Click here to claim your prize,http://phishingsite.com,transaction
trusted_sender,Important Information,Your account has been compromised,http://clickme.com,verify
trusted_sender,Congratulations!,Click here to claim your prize,http://phishingsite.com,warning
suspicious_sender,Urgent Action Required,Please confirm your account details,http://phishingsite.com,authentication
suspicious_sender,Congratulations!,Click here to claim your prize,http://example.com,update
suspicious_sender,Urgent Action Required,Please confirm your account details,http://clickme.com,verify
suspicious_sender,Congratulations!,Your account has been compromised,http://phishingsite.com,security
trusted_sender,Important Information,Your account has been compromised,http://clickme.com,identity
suspicious_sender,Important Information,Please confirm your account details,http://phishingsite.com,transaction
trusted_sender,Important Information,Your account has been compromised,http://phishingsite.com,verify
suspicious_sender,Urgent Action Required,Click here to claim your prize,http://phishingsite.com,transaction
trusted_sender,Important Information,Please confirm your account details,http://example.com,account
suspicious_sender,Urgent Action Required,Your account has been compromised,http://example.com,credit
suspicious_sender,Important Information,Please confirm your account details,http://example.com,transaction
suspicious_sender,Important Information,Click here to claim your prize,http://clickme.com,login
suspicious_sender,Urgent Action Required,Click here to claim your prize,http://clickme.com,warning
trusted_sender,Urgent Action Required,Your account has been compromised,http://example.com,information
suspicious_sender,Important Information,Click here to claim your prize,http://clickme.com,alert
trusted_sender,Urgent Action Required,Please confirm your account details,http://phishingsite.com,verify
trusted_sender,Important Information,Click here to claim your prize,http://phishingsite.com,login
trusted_sender,Urgent Action Required,Please confirm your account details,http://phishingsite.com,transaction
trusted_sender,Congratulations!,Please confirm your account details,http://example.com,phishing
suspicious_sender,Congratulations!,Click here to claim your prize,http://clickme.com,warning
trusted_sender,Congratulations!,Your account has been compromised,http://example.com,verify
trusted_sender,Congratulations!,Click here to claim your prize,http://clickme.com,security
trusted_sender,Congratulations!,Please confirm your account details,http://phishingsite.com,urgent
suspicious_sender,Important Information,Please confirm your account details,http://example.com,update
suspicious_sender,Congratulations!,Click here to claim your prize,http://clickme.com,authentication
suspicious_sender,Congratulations!,Your account has been compromised,http://clickme.com,login
suspicious_sender,Congratulations!,Your account has been compromised,http://phishingsite.com,payment
trusted_sender,Congratulations!,Please confirm your account details,http://example.com,warning
trusted_sender,Urgent Action Required,Please confirm your account details,http://example.com,verify
suspicious_sender,Important Information,Your account has been compromised,http://example.com,risk
trusted_sender,Congratulations!,Click here to claim your prize,http://phishingsite.com,account
trusted_sender,Congratulations!,Please confirm your account details,http://example.com,login
trusted_sender,Congratulations!,Please confirm your account details,http://phishingsite.com,verify
suspicious_sender,Important Information,Your account has been compromised,http://phishingsite.com,login
suspicious_sender,Urgent Action Required,Click here to claim your prize,http://phishingsite.com,urgent
trusted_sender,Important Information,Your account has been compromised,http://clickme.com,urgent
suspicious_sender,Urgent Action Required,Click here to claim your prize,http://example.com,update
suspicious_sender,Congratulations!,Click here to claim your prize,http://example.com,verification
suspicious_sender,Congratulations!,Click here to claim your prize,http://phishingsite.com,login
suspicious_sender,Important Information,Please confirm your account details,http://phishingsite.com,verify
suspicious_sender,Important Information,Your account has been compromised,http://example.com,login
trusted_sender,Urgent Action Required,Your account has been compromised,http://phishingsite.com,identity
suspicious_sender,Urgent Action Required,Click here to claim your prize,http://example.com,authentication
trusted_sender,Important Information,Please confirm your account details,http://clickme.com,identity
trusted_sender,Urgent Action Required,Please confirm your account details,http://phishingsite.com,fraud
suspicious_sender,Important Information,Your account has been compromised,http://example.com,account
trusted_sender,Urgent Action Required,Please confirm your account details,http://phishingsite.com,risk
trusted_sender,Important Information,Please confirm your account details,http://example.com,verify
trusted_sender,Important Information,Click here to claim your prize,http://example.com,suspicious
suspicious_sender,Important Information,Please confirm your account details,http://phishingsite.com,password
suspicious_sender,Urgent Action Required,Click here to claim your prize,http://clickme.com,identity
trusted_sender,Urgent Action Required,Your account has been compromised,http://example.com,warning
suspicious_sender,Urgent Action Required,Please confirm your account details,http://example.com,password
suspicious_sender,Important Information,Your account has been compromised,http://example.com,account
suspicious_sender,Urgent Action Required,Your account has been compromised,http://clickme.com,fraud
suspicious_sender,Urgent Action Required,Please confirm your account details,http://clickme.com,payment
trusted_sender,Important Information,Please confirm your account details,http://phishingsite.com,login
trusted_sender,Congratulations!,Your account has been compromised,http://clickme.com,login
suspicious_sender,Important Information,Please confirm your account details,http://phishingsite.com,urgent
suspicious_sender,Urgent Action Required,Click here to claim your prize,http://phishingsite.com,account
trusted_sender,Important Information,Click here to claim your prize,http://clickme.com,authentication
trusted_sender,Congratulations!,Please confirm your account details,http://phishingsite.com,verification
suspicious_sender,Important Information,Your account has been compromised,http://clickme.com,payment
trusted_sender,Urgent Action Required,Please confirm your account details,http://phishingsite.com,update
suspicious_sender,Congratulations!,Please confirm your account details,http://clickme.com,information
suspicious_sender,Urgent Action Required,Your account has been compromised,http://clickme.com,phishing
trusted_sender,Congratulations!,Your account has been compromised,http://phishingsite.com,update
trusted_sender,Congratulations!,Click here to claim your prize,http://example.com,fraud
suspicious_sender,Important Information,Your account has been compromised,http://phishingsite.com,fraud
suspicious_sender,Important Information,Click here to claim your prize,http://clickme.com,verify
trusted_sender,Urgent Action Required,Your account has been compromised,http://example.com,phishing
suspicious_sender,Important Information,Please confirm your account details,http://phishingsite.com,phishing
trusted_sender,Important Information,Click here to claim your prize,http://phishingsite.com,login
suspicious_sender,Congratulations!,Click here to claim your prize,http://phishingsite.com,transaction
trusted_sender,Important Information,Click here to claim your prize,http://example.com,warning
trusted_sender,Congratulations!,Please confirm your account details,http://clickme.com,update
trusted_sender,Congratulations!,Please confirm your account details,http://phishingsite.com,transaction
suspicious_sender,Congratulations!,Please confirm your account details,http://phishingsite.com,security
suspicious_sender,Urgent Action Required,Please confirm your account details,http://phishingsite.com,warning
trusted_sender,Urgent Action Required,Please confirm your account details,http://phishingsite.com,transaction
suspicious_sender,Urgent Action Required,Click here to claim your prize,http://phishingsite.com,urgent
trusted_sender,Congratulations!,Please confirm your account details,http://clickme.com,alert
trusted_sender,Urgent Action Required,Click here to claim your prize,http://clickme.com,urgent
suspicious_sender,Urgent Action Required,Please confirm your account details,http://phishingsite.com,fraud
suspicious_sender,Important Information,Your account has been compromised,http://example.com,information
trusted_sender,Urgent Action Required,Click here to claim your prize,http://clickme.com,account
suspicious_sender,Urgent Action Required,Your account has been compromised,http://example.com,fraud
suspicious_sender,Congratulations!,Click here to claim your prize,http://clickme.com,verification
trusted_sender,Congratulations!,Your account has been compromised,http://phishingsite.com,verification
trusted_sender,Congratulations!,Please confirm your account details,http://clickme.com,login
suspicious_sender,Congratulations!,Please confirm your account details,http://phishingsite.com,payment
trusted_sender,Congratulations!,Please confirm your account details,http://clickme.com,update
trusted_sender,Congratulations!,Click here to claim your prize,http://phishingsite.com,security
suspicious_sender,Urgent Action Required,Your account has been compromised,http://phishingsite.com,security
trusted_sender,Congratulations!,Please confirm your account details,http://phishingsite.com,suspicious
trusted_sender,Congratulations!,Your account has been compromised,http://phishingsite.com,authentication
suspicious_sender,Important Information,Your account has been compromised,http://example.com,fraud
suspicious_sender,Urgent Action Required,Please confirm your account details,http://phishingsite.com,security
trusted_sender,Urgent Action Required,Please confirm your account details,http://example.com,update
trusted_sender,Urgent Action Required,Your account has been compromised,http://example.com,transaction
suspicious_sender,Congratulations!,Please confirm your account details,http://phishingsite.com,credit
suspicious_sender,Congratulations!,Please confirm your account details,http://example.com,payment
suspicious_sender,Congratulations!,Please confirm your account details,http://clickme.com,information
suspicious_sender,Important Information,Click here to claim your prize,http://phishingsite.com,authentication
trusted_sender,Congratulations!,Your account has been compromised,http://example.com,account
suspicious_sender,Important Information,Your account has been compromised,http://phishingsite.com,update
suspicious_sender,Urgent Action Required,Click here to claim your prize,http://phishingsite.com,verify
trusted_sender,Congratulations!,Your account has been compromised,http://phishingsite.com,account
suspicious_sender,Important Information,Please confirm your account details,http://example.com,identity
trusted_sender,Important Information,Your account has been compromised,http://clickme.com,information
suspicious_sender,Congratulations!,Please confirm your account details,http://clickme.com,warning
suspicious_sender,Urgent Action Required,Click here to claim your prize,http://example.com,authentication
suspicious_sender,Urgent Action Required,Please confirm your account details,http://phishingsite.com,information
trusted_sender,Urgent Action Required,Your account has been compromised,http://example.com,security
trusted_sender,Important Information,Your account has been compromised,http://example.com,authentication
suspicious_sender,Important Information,Your account has been compromised,http://example.com,verify
trusted_sender,Important Information,Click here to claim your prize,http://phishingsite.com,authentication
trusted_sender,Important Information,Click here to claim your prize,http://example.com,update
trusted_sender,Urgent Action Required,Your account has been compromised,http://phishingsite.com,risk
trusted_sender,Congratulations!,Please confirm your account details,http://example.com,warning
trusted_sender,Important Information,Click here to claim your prize,http://clickme.com,payment
trusted_sender,Important Information,Your account has been compromised,http://example.com,alert
suspicious_sender,Urgent Action Required,Your account has been compromised,http://example.com,authentication
suspicious_sender,Congratulations!,Click here to claim your prize,http://clickme.com,credit
trusted_sender,Congratulations!,Click here to claim your prize,http://phishingsite.com,risk
suspicious_sender,Urgent Action Required,Click here to claim your prize,http://phishingsite.com,login
suspicious_sender,Urgent Action Required,Please confirm your account details,http://example.com,login
suspicious_sender,Congratulations!,Please confirm your account details,http://clickme.com,password
suspicious_sender,Important Information,Your account has been compromised,http://phishingsite.com,authentication
trusted_sender,Congratulations!,Click here to claim your prize,http://example.com,login
suspicious_sender,Urgent Action Required,Please confirm your account details,http://clickme.com,authentication
suspicious_sender,Important Information,Click here to claim your prize,http://phishingsite.com,transaction
trusted_sender,Important Information,Your account has been compromised,http://phishingsite.com,alert
trusted_sender,Urgent Action Required,Please confirm your account details,http://clickme.com,login
suspicious_sender,Urgent Action Required,Please confirm your account details,http://clickme.com,alert
suspicious_sender,Urgent Action Required,Please confirm your account details,http://clickme.com,information
suspicious_sender,Congratulations!,Your account has been compromised,http://clickme.com,risk
suspicious_sender,Congratulations!,Click here to claim your prize,http://example.com,verify
suspicious_sender,Important Information,Please confirm your account details,http://clickme.com,transaction
suspicious_sender,Urgent Action Required,Your account has been compromised,http://phishingsite.com,risk
trusted_sender,Important Information,Click here to claim your prize,http://phishingsite.com,information
suspicious_sender,Important Information,Your account has been compromised,http://example.com,verify
suspicious_sender,Important Information,Click here to claim your prize,http://phishingsite.com,information
trusted_sender,Important Information,Your account has been compromised,http://phishingsite.com,payment
trusted_sender,Urgent Action Required,Click here to claim your prize,http://clickme.com,update
trusted_sender,Important Information,Please confirm your account details,http://phishingsite.com,fraud
trusted_sender,Urgent Action Required,Click here to claim your prize,http://example.com,transaction
suspicious_sender,Urgent Action Required,Your account has been compromised,http://clickme.com,fraud
suspicious_sender,Congratulations!,Your account has been compromised,http://clickme.com,update
suspicious_sender,Urgent Action Required,Click here to claim your prize,http://example.com,update
suspicious_sender,Congratulations!,Please confirm your account details,http://clickme.com,information
suspicious_sender,Urgent Action Required,Please confirm your account details,http://clickme.com,fraud
suspicious_sender,Urgent Action Required,Click here to claim your prize,http://example.com,identity
trusted_sender,Urgent Action Required,Click here to claim your prize,http://clickme.com,payment
suspicious_sender,Congratulations!,Your account has been compromised,http://example.com,information
trusted_sender,Congratulations!,Please confirm your account details,http://example.com,alert
trusted_sender,Important Information,Click here to claim your prize,http://phishingsite.com,password
suspicious_sender,Congratulations!,Please confirm your account details,http://phishingsite.com,update
trusted_sender,Congratulations!,Click here to claim your prize,http://clickme.com,verify
suspicious_sender,Congratulations!,Click here to claim your prize,http://clickme.com,information
trusted_sender,Congratulations!,Please confirm your account details,http://example.com,phishing
suspicious_sender,Important Information,Click here to claim your prize,http://clickme.com,authentication
trusted_sender,Congratulations!,Click here to claim your prize,http://example.com,phishing
suspicious_sender,Urgent Action Required,Your account has been compromised,http://example.com,warning
suspicious_sender,Urgent Action Required,Click here to claim your prize,http://clickme.com,suspicious
suspicious_sender,Congratulations!,Click here to claim your prize,http://example.com,suspicious
suspicious_sender,Congratulations!,Click here to claim your prize,http://phishingsite.com,verification
suspicious_sender,Urgent Action Required,Your account has been compromised,http://clickme.com,urgent
trusted_sender,Urgent Action Required,Please confirm your account details,http://phishingsite.com,payment
trusted_sender,Important Information,Your account has been compromised,http://clickme.com,urgent
trusted_sender,Urgent Action Required,Your account has been compromised,http://example.com,suspicious
suspicious_sender,Urgent Action Required,Please confirm your account details,http://clickme.com,password
trusted_sender,Congratulations!,Your account has been compromised,http://phishingsite.com,transaction
suspicious_sender,Urgent Action Required,Please confirm your account details,http://example.com,phishing
suspicious_sender,Important Information,Your account has been compromised,http://clickme.com,update
trusted_sender,Urgent Action Required,Please confirm your account details,http://clickme.com,warning
trusted_sender,Congratulations!,Click here to claim your prize,http://clickme.com,authentication
suspicious_sender,Congratulations!,Your account has been compromised,http://phishingsite.com,payment
trusted_sender,Urgent Action Required,Your account has been compromised,http://phishingsite.com,fraud
suspicious_sender,Congratulations!,Your account has been compromised,http://clickme.com,transaction
suspicious_sender,Important Information,Your account has been compromised,http://example.com,phishing
suspicious_sender,Important Information,Click here to claim your prize,http://example.com,login
suspicious_sender,Urgent Action Required,Your account has been compromised,http://phishingsite.com,alert
suspicious_sender,Urgent Action Required,Click here to claim your prize,http://example.com,verification
trusted_sender,Urgent Action Required,Click here to claim your prize,http://phishingsite.com,login
trusted_sender,Congratulations!,Click here to claim your prize,http://clickme.com,credit
suspicious_sender,Important Information,Click here to claim your prize,http://phishingsite.com,verification
suspicious_sender,Important Information,Please confirm your account details,http://phishingsite.com,transaction
trusted_sender,Congratulations!,Please confirm your account details,http://clickme.com,risk
trusted_sender,Important Information,Your account has been compromised,http://example.com,information
suspicious_sender,Urgent Action Required,Please confirm your account details,http://phishingsite.com,credit
trusted_sender,Urgent Action Required,Please confirm your account details,http://phishingsite.com,verify
suspicious_sender,Urgent Action Required,Your account has been compromised,http://clickme.com,suspicious
trusted_sender,Important Information,Your account has been compromised,http://example.com,transaction
suspicious_sender,Urgent Action Required,Your account has been compromised,http://phishingsite.com,login
trusted_sender,Congratulations!,Please confirm your account details,http://clickme.com,alert
suspicious_sender,Congratulations!,Please confirm your account details,http://phishingsite.com,account
trusted_sender,Important Information,Your account has been compromised,http://clickme.com,warning
trusted_sender,Congratulations!,Click here to claim your prize,http://example.com,security
suspicious_sender,Congratulations!,Your account has been compromised,http://example.com,verification
trusted_sender,Important Information,Click here to claim your prize,http://example.com,security
suspicious_sender,Urgent Action Required,Click here to claim your prize,http://example.com,account
trusted_sender,Urgent Action Required,Your account has been compromised,http://phishingsite.com,identity
suspicious_sender,Urgent Action Required,Your account has been compromised,http://phishingsite.com,update
trusted_sender,Important Information,Your account has been compromised,http://example.com,verification
suspicious_sender,Congratulations!,Please confirm your account details,http://example.com,authentication
trusted_sender,Urgent Action Required,Click here to claim your prize,http://example.com,login
suspicious_sender,Urgent Action Required,Please confirm your account details,http://phishingsite.com,fraud
trusted_sender,Important Information,Please confirm your account details,http://example.com,account
suspicious_sender,Urgent Action Required,Your account has been compromised,http://example.com,risk
suspicious_sender,Important Information,Please confirm your account details,http://example.com,payment
suspicious_sender,Congratulations!,Your account has been compromised,http://clickme.com,information
trusted_sender,Important Information,Click here to claim your prize,http://example.com,phishing
suspicious_sender,Important Information,Your account has been compromised,http://clickme.com,password
trusted_sender,Important Information,Please confirm your account details,http://clickme.com,authentication
suspicious_sender,Important Information,Please confirm your account details,http://example.com,security
trusted_sender,Congratulations!,Your account has been compromised,http://clickme.com,risk
suspicious_sender,Congratulations!,Your account has been compromised,http://example.com,suspicious
trusted_sender,Urgent Action Required,Please confirm your account details,http://phishingsite.com,urgent
trusted_sender,Congratulations!,Click here to claim your prize,http://phishingsite.com,account
suspicious_sender,Congratulations!,Click here to claim your prize,http://phishingsite.com,information
trusted_sender,Urgent Action Required,Your account has been compromised,http://phishingsite.com,login
trusted_sender,Congratulations!,Click here to claim your prize,http://clickme.com,security
suspicious_sender,Important Information,Please confirm your account details,http://example.com,fraud
trusted_sender,Important Information,Your account has been compromised,http://example.com,verification
trusted_sender,Urgent Action Required,Please confirm your account details,http://example.com,account
trusted_sender,Urgent Action Required,Please confirm your account details,http://phishingsite.com,account
suspicious_sender,Urgent Action Required,Click here to claim your prize,http://phishingsite.com,fraud
trusted_sender,Important Information,Your account has been compromised,http://example.com,phishing
suspicious_sender,Congratulations!,Your account has been compromised,http://phishingsite.com,login
trusted_sender,Important Information,Click here to claim your prize,http://example.com,update
trusted_sender,Urgent Action Required,Please confirm your account details,http://example.com,risk
trusted_sender,Congratulations!,Please confirm your account details,http://example.com,identity
suspicious_sender,Congratulations!,Please confirm your account details,http://example.com,urgent
trusted_sender,Important Information,Please confirm your account details,http://example.com,payment
trusted_sender,Urgent Action Required,Your account has been compromised,http://example.com,alert
suspicious_sender,Important Information,Your account has been compromised,http://example.com,verification
trusted_sender,Congratulations!,Click here to claim your prize,http://phishingsite.com,password
suspicious_sender,Important Information,Click here to claim your prize,http://example.com,alert
suspicious_sender,Important Information,Your account has been compromised,http://example.com,urgent
trusted_sender,Urgent Action Required,Your account has been compromised,http://phishingsite.com,password
suspicious_sender,Urgent Action Required,Please confirm your account details,http://phishingsite.com,payment
trusted_sender,Congratulations!,Please confirm your account details,http://phishingsite.com,payment
suspicious_sender,Important Information,Click here to claim your prize,http://example.com,phishing
suspicious_sender,Important Information,Your account has been compromised,http://clickme.com,warning
trusted_sender,Important Information,Click here to claim your prize,http://clickme.com,transaction
suspicious_sender,Congratulations!,Your account has been compromised,http://phishingsite.com,credit
suspicious_sender,Congratulations!,Please confirm your account details,http://clickme.com,suspicious
suspicious_sender,Urgent Action Required,Click here to claim your prize,http://phishingsite.com,account
suspicious_sender,Urgent Action Required,Click here to claim your prize,http://example.com,risk
suspicious_sender,Urgent Action Required,Your account has been compromised,http://clickme.com,phishing
trusted_sender,Important Information,Please confirm your account details,http://example.com,risk
suspicious_sender,Important Information,Click here to claim your prize,http://clickme.com,authentication
trusted_sender,Urgent Action Required,Please confirm your account details,http://example.com,authentication
suspicious_sender,Important Information,Click here to claim your prize,http://clickme.com,security
trusted_sender,Urgent Action Required,Please confirm your account details,http://example.com,password
trusted_sender,Congratulations!,Your account has been compromised,http://example.com,update
suspicious_sender,Urgent Action Required,Click here to claim your prize,http://clickme.com,verification
suspicious_sender,Congratulations!,Click here to claim your prize,http://example.com,identity
suspicious_sender,Important Information,Please confirm your account details,http://example.com,warning
trusted_sender,Urgent Action Required,Please confirm your account details,http://example.com,fraud
suspicious_sender,Important Information,Click here to claim your prize,http://clickme.com,security
trusted_sender,Congratulations!,Your account has been compromised,http://clickme.com,payment
trusted_sender,Congratulations!,Please confirm your account details,http://example.com,urgent
trusted_sender,Congratulations!,Please confirm your account details,http://example.com,authentication
suspicious_sender,Important Information,Please confirm your account details,http://clickme.com,information
suspicious_sender,Important Information,Click here to claim your prize,http://clickme.com,suspicious
trusted_sender,Important Information,Click here to claim your prize,http://example.com,password
trusted_sender,Important Information,Click here to claim your prize,http://example.com,account
suspicious_sender,Congratulations!,Click here to claim your prize,http://example.com,risk
trusted_sender,Congratulations!,Your account has been compromised,http://phishingsite.com,information
suspicious_sender,Urgent Action Required,Your account has been compromised,http://clickme.com,urgent
trusted_sender,Urgent Action Required,Click here to claim your prize,http://phishingsite.com,verify
suspicious_sender,Important Information,Your account has been compromised,http://clickme.com,risk
trusted_sender,Congratulations!,Please confirm your account details,http://clickme.com,credit
suspicious_sender,Congratulations!,Please confirm your account details,http://clickme.com,transaction
trusted_sender,Congratulations!,Please confirm your account details,http://clickme.com,suspicious
suspicious_sender,Urgent Action Required,Click here to claim your prize,http://clickme.com,security
suspicious_sender,Urgent Action Required,Please confirm your account details,http://clickme.com,phishing
trusted_sender,Congratulations!,Your account has been compromised,http://clickme.com,credit
trusted_sender,Congratulations!,Click here to claim your prize,http://phishingsite.com,password
suspicious_sender,Congratulations!,Your account has been compromised,http://example.com,password
trusted_sender,Urgent Action Required,Please confirm your account details,http://example.com,credit
suspicious_sender,Congratulations!,Please confirm your account details,http://phishingsite.com,password
trusted_sender,Congratulations!,Please confirm your account details,http://phishingsite.com,account
suspicious_sender,Important Information,Click here to claim your prize,http://phishingsite.com,security
suspicious_sender,Important Information,Your account has been compromised,http://phishingsite.com,urgent
suspicious_sender,Urgent Action Required,Click here to claim your prize,http://clickme.com,suspicious
suspicious_sender,Congratulations!,Click here to claim your prize,http://example.com,login
suspicious_sender,Congratulations!,Please confirm your account details,http://clickme.com,authentication
suspicious_sender,Important Information,Click here to claim your prize,http://example.com,information
trusted_sender,Urgent Action Required,Click here to claim your prize,http://example.com,phishing
trusted_sender,Important Information,Please confirm your account details,http://phishingsite.com,warning
trusted_sender,Important Information,Click here to claim your prize,http://clickme.com,authentication
suspicious_sender,Important Information,Please confirm your account details,http://phishingsite.com,information
suspicious_sender,Important Information,Please confirm your account details,http://clickme.com,identity
suspicious_sender,Congratulations!,Please confirm your account details,http://example.com,urgent
suspicious_sender,Congratulations!,Please confirm your account details,http://phishingsite.com,password
trusted_sender,Important Information,Click here to claim your prize,http://phishingsite.com,password
trusted_sender,Urgent Action Required,Please confirm your account details,http://example.com,login
suspicious_sender,Urgent Action Required,Please confirm your account details,http://example.com,authentication
trusted_sender,Urgent Action Required,Click here to claim your prize,http://example.com,information
trusted_sender,Urgent Action Required,Click here to claim your prize,http://phishingsite.com,verification
suspicious_sender,Important Information,Your account has been compromised,http://clickme.com,information
trusted_sender,Congratulations!,Click here to claim your prize,http://phishingsite.com,transaction
suspicious_sender,Urgent Action Required,Click here to claim your prize,http://clickme.com,account
trusted_sender,Important Information,Your account has been compromised,http://phishingsite.com,credit
suspicious_sender,Urgent Action Required,Click here to claim your prize,http://phishingsite.com,verification
suspicious_sender,Urgent Action Required,Click here to claim your prize,http://example.com,information
suspicious_sender,Important Information,Click here to claim your prize,http://clickme.com,transaction
suspicious_sender,Congratulations!,Click here to claim your prize,http://phishingsite.com,authentication
trusted_sender,Congratulations!,Your account has been compromised,http://phishingsite.com,verify
suspicious_sender,Important Information,Click here to claim your prize,http://example.com,fraud
suspicious_sender,Congratulations!,Click here to claim your prize,http://example.com,fraud
suspicious_sender,Important Information,Your account has been compromised,http://clickme.com,risk
trusted_sender,Important Information,Please confirm your account details,http://phishingsite.com,alert
suspicious_sender,Important Information,Your account has been compromised,http://clickme.com,urgent
trusted_sender,Congratulations!,Please confirm your account details,http://phishingsite.com,transaction
suspicious_sender,Important Information,Your account has been compromised,http://clickme.com,payment
trusted_sender,Urgent Action Required,Your account has been compromised,http://example.com,account
trusted_sender,Congratulations!,Click here to claim your prize,http://phishingsite.com,information
suspicious_sender,Congratulations!,Please confirm your account details,http://clickme.com,phishing
trusted_sender,Congratulations!,Click here to claim your prize,http://example.com,verification
suspicious_sender,Congratulations!,Please confirm your account details,http://example.com,risk
suspicious_sender,Urgent Action Required,Your account has been compromised,http://clickme.com,urgent
suspicious_sender,Congratulations!,Your account has been compromised,http://phishingsite.com,transaction
trusted_sender,Congratulations!,Please confirm your account details,http://phishingsite.com,authentication
trusted_sender,Important Information,Click here to claim your prize,http://example.com,account
suspicious_sender,Congratulations!,Click here to claim your prize,http://phishingsite.com,suspicious
suspicious_sender,Urgent Action Required,Click here to claim your prize,http://phishingsite.com,update
trusted_sender,Urgent Action Required,Click here to claim your prize,http://phishingsite.com,transaction
suspicious_sender,Urgent Action Required,Your account has been compromised,http://example.com,password
suspicious_sender,Urgent Action Required,Your account has been compromised,http://clickme.com,alert
suspicious_sender,Congratulations!,Your account has been compromised,http://phishingsite.com,update
trusted_sender,Congratulations!,Your account has been compromised,http://example.com,password
trusted_sender,Urgent Action Required,Your account has been compromised,http://example.com,authentication
trusted_sender,Urgent Action Required,Click here to claim your prize,http://clickme.com,password
suspicious_sender,Congratulations!,Click here to claim your prize,http://phishingsite.com,urgent
suspicious_sender,Urgent Action Required,Click here to claim your prize,http://phishingsite.com,transaction
suspicious_sender,Important Information,Click here to claim your prize,http://clickme.com,verification
trusted_sender,Urgent Action Required,Your account has been compromised,http://clickme.com,risk
suspicious_sender,Urgent Action Required,Your account has been compromised,http://example.com,information
suspicious_sender,Important Information,Your account has been compromised,http://example.com,phishing
suspicious_sender,Important Information,Please confirm your account details,http://clickme.com,fraud
suspicious_sender,Congratulations!,Click here to claim your prize,http://phishingsite.com,risk
trusted_sender,Congratulations!,Click here to claim your prize,http://example.com,alert
trusted_sender,Important Information,Your account has been compromised,http://example.com,password
suspicious_sender,Important Information,Click here to claim your prize,http://phishingsite.com,authentication
trusted_sender,Congratulations!,Click here to claim your prize,http://example.com,warning
trusted_sender,Urgent Action Required,Your account has been compromised,http://phishingsite.com,login
suspicious_sender,Important Information,Please confirm your account details,http://phishingsite.com,verify
suspicious_sender,Congratulations!,Please confirm your account details,http://phishingsite.com,fraud
trusted_sender,Urgent Action Required,Please confirm your account details,http://clickme.com,security
suspicious_sender,Important Information,Your account has been compromised,http://clickme.com,authentication
trusted_sender,Urgent Action Required,Click here to claim your prize,http://clickme.com,transaction
suspicious_sender,Congratulations!,Your account has been compromised,http://phishingsite.com,transaction
trusted_sender,Important Information,Your account has been compromised,http://phishingsite.com,identity
suspicious_sender,Urgent Action Required,Click here to claim your prize,http://clickme.com,fraud
trusted_sender,Important Information,Please confirm your account details,http://example.com,fraud
trusted_sender,Urgent Action Required,Please confirm your account details,http://phishingsite.com,warning
trusted_sender,Congratulations!,Your account has been compromised,http://example.com,security
suspicious_sender,Congratulations!,Please confirm your account details,http://example.com,urgent
trusted_sender,Important Information,Your account has been compromised,http://phishingsite.com,security
trusted_sender,Urgent Action Required,Your account has been compromised,http://phishingsite.com,risk
suspicious_sender,Important Information,Click here to claim your prize,http://example.com,payment
suspicious_sender,Important Information,Click here to claim your prize,http://example.com,phishing
trusted_sender,Urgent Action Required,Click here to claim your prize,http://clickme.com,risk
trusted_sender,Urgent Action Required,Your account has been compromised,http://clickme.com,transaction
suspicious_sender,Urgent Action Required,Click here to claim your prize,http://phishingsite.com,suspicious
suspicious_sender,Congratulations!,Please confirm your account details,http://clickme.com,authentication
suspicious_sender,Important Information,Please confirm your account details,http://clickme.com,transaction
suspicious_sender,Important Information,Your account has been compromised,http://clickme.com,verify
suspicious_sender,Congratulations!,Your account has been compromised,http://clickme.com,suspicious
trusted_sender,Urgent Action Required,Click here to claim your prize,http://example.com,transaction
suspicious_sender,Congratulations!,Your account has been compromised,http://phishingsite.com,phishing
trusted_sender,Congratulations!,Your account has been compromised,http://clickme.com,phishing
trusted_sender,Congratulations!,Please confirm your account details,http://example.com,urgent
trusted_sender,Important Information,Please confirm your account details,http://example.com,alert
suspicious_sender,Congratulations!,Click here to claim your prize,http://example.com,information
trusted_sender,Important Information,Your account has been compromised,http://clickme.com,account
trusted_sender,Important Information,Your account has been compromised,http://clickme.com,identity
suspicious_sender,Important Information,Please confirm your account details,http://phishingsite.com,login
trusted_sender,Urgent Action Required,Your account has been compromised,http://clickme.com,update
trusted_sender,Important Information,Please confirm your account details,http://clickme.com,warning
suspicious_sender,Important Information,Click here to claim your prize,http://example.com,information
trusted_sender,Urgent Action Required,Please confirm your account details,http://phishingsite.com,authentication
trusted_sender,Important Information,Your account has been compromised,http://clickme.com,authentication
trusted_sender,Congratulations!,Click here to claim your prize,http://clickme.com,authentication
suspicious_sender,Congratulations!,Please confirm your account details,http://example.com,payment
suspicious_sender,Important Information,Please confirm your account details,http://example.com,update
suspicious_sender,Urgent Action Required,Click here to claim your prize,http://clickme.com,transaction
trusted_sender,Congratulations!,Click here to claim your prize,http://phishingsite.com,security
trusted_sender,Urgent Action Required,Please confirm your account details,http://phishingsite.com,account
suspicious_sender,Urgent Action Required,Your account has been compromised,http://example.com,password
trusted_sender,Congratulations!,Please confirm your account details,http://example.com,information
trusted_sender,Urgent Action Required,Click here to claim your prize,http://clickme.com,phishing
suspicious_sender,Congratulations!,Please confirm your account details,http://example.com,verify
suspicious_sender,Urgent Action Required,Click here to claim your prize,http://clickme.com,identity
trusted_sender,Congratulations!,Click here to claim your prize,http://phishingsite.com,suspicious
trusted_sender,Important Information,Your account has been compromised,http://phishingsite.com,risk
trusted_sender,Congratulations!,Click here to claim your prize,http://clickme.com,account
suspicious_sender,Congratulations!,Click here to claim your prize,http://example.com,credit
suspicious_sender,Congratulations!,Your account has been compromised,http://phishingsite.com,credit
suspicious_sender,Congratulations!,Click here to claim your prize,http://example.com,identity
suspicious_sender,Urgent Action Required,Your account has been compromised,http://phishingsite.com,fraud
trusted_sender,Important Information,Your account has been compromised,http://clickme.com,verification
suspicious_sender,Congratulations!,Click here to claim your prize,http://clickme.com,login
suspicious_sender,Urgent Action Required,Click here to claim your prize,http://clickme.com,account
suspicious_sender,Important Information,Please confirm your account details,http://phishingsite.com,phishing
suspicious_sender,Important Information,Your account has been compromised,http://example.com,account
suspicious_sender,Important Information,Please confirm your account details,http://example.com,transaction
trusted_sender,Important Information,Click here to claim your prize,http://example.com,suspicious
trusted_sender,Congratulations!,Please confirm your account details,http://phishingsite.com,update
suspicious_sender,Congratulations!,Your account has been compromised,http://phishingsite.com,authentication
trusted_sender,Urgent Action Required,Please confirm your account details,http://phishingsite.com,update
suspicious_sender,Urgent Action Required,Your account has been compromised,http://phishingsite.com,alert
suspicious_sender,Urgent Action Required,Click here to claim your prize,http://phishingsite.com,alert
trusted_sender,Important Information,Click here to claim your prize,http://example.com,account
trusted_sender,Important Information,Your account has been compromised,http://phishingsite.com,payment
suspicious_sender,Congratulations!,Click here to claim your prize,http://phishingsite.com,urgent
suspicious_sender,Important Information,Click here to claim your prize,http://example.com,password
suspicious_sender,Important Information,Click here to claim your prize,http://phishingsite.com,payment
trusted_sender,Important Information,Click here to claim your prize,http://example.com,phishing
suspicious_sender,Urgent Action Required,Your account has been compromised,http://example.com,password
suspicious_sender,Urgent Action Required,Please confirm your account details,http://clickme.com,information
suspicious_sender,Congratulations!,Please confirm your account details,http://clickme.com,update
trusted_sender,Important Information,Click here to claim your prize,http://clickme.com,update
suspicious_sender,Important Information,Please confirm your account details,http://clickme.com,password
suspicious_sender,Congratulations!,Please confirm your account details,http://phishingsite.com,login
trusted_sender,Important Information,Click here to claim your prize,http://clickme.com,payment
suspicious_sender,Important Information,Click here to claim your prize,http://example.com,urgent
suspicious_sender,Urgent Action Required,Please confirm your account details,http://phishingsite.com,account
trusted_sender,Congratulations!,Your account has been compromised,http://clickme.com,verification
suspicious_sender,Congratulations!,Click here to claim your prize,http://example.com,update
trusted_sender,Congratulations!,Your account has been compromised,http://phishingsite.com,login
trusted_sender,Congratulations!,Please confirm your account details,http://phishingsite.com,verification
suspicious_sender,Urgent Action Required,Click here to claim your prize,http://clickme.com,verify
suspicious_sender,Urgent Action Required,Your account has been compromised,http://phishingsite.com,verify
suspicious_sender,Important Information,Click here to claim your prize,http://example.com,urgent
suspicious_sender,Important Information,Please confirm your account details,http://phishingsite.com,security
trusted_sender,Important Information,Your account has been compromised,http://example.com,risk
suspicious_sender,Important Information,Please confirm your account details,http://phishingsite.com,account
trusted_sender,Urgent Action Required,Please confirm your account details,http://clickme.com,update
suspicious_sender,Congratulations!,Click here to claim your prize,http://example.com,account
suspicious_sender,Urgent Action Required,Your account has been compromised,http://phishingsite.com,verify
suspicious_sender,Important Information,Please confirm your account details,http://phishingsite.com,information
trusted_sender,Urgent Action Required,Please confirm your account details,http://phishingsite.com,information
suspicious_sender,Congratulations!,Your account has been compromised,http://example.com,verification
suspicious_sender,Congratulations!,Please confirm your account details,http://example.com,information
suspicious_sender,Urgent Action Required,Please confirm your account details,http://example.com,transaction
suspicious_sender,Urgent Action Required,Your account has been compromised,http://clickme.com,security
trusted_sender,Urgent Action Required,Your account has been compromised,http://clickme.com,identity
suspicious_sender,Important Information,Your account has been compromised,http://example.com,verification
trusted_sender,Urgent Action Required,Your account has been compromised,http://phishingsite.com,update
trusted_sender,Urgent Action Required,Click here to claim your prize,http://clickme.com,authentication
trusted_sender,Urgent Action Required,Your account has been compromised,http://example.com,verification
trusted_sender,Congratulations!,Click here to claim your prize,http://phishingsite.com,credit
trusted_sender,Congratulations!,Click here to claim your prize,http://clickme.com,identity
trusted_sender,Important Information,Click here to claim your prize,http://phishingsite.com,security
suspicious_sender,Important Information,Please confirm your account details,http://phishingsite.com,verification
trusted_sender,Congratulations!,Click here to claim your prize,http://phishingsite.com,verification
trusted_sender,Congratulations!,Click here to claim your prize,http://phishingsite.com,information
trusted_sender,Congratulations!,Please confirm your account details,http://clickme.com,phishing
suspicious_sender,Urgent Action Required,Please confirm your account details,http://clickme.com,verification
suspicious_sender,Urgent Action Required,Please confirm your account details,http://clickme.com,alert
trusted_sender,Congratulations!,Your account has been compromised,http://example.com,account
suspicious_sender,Urgent Action Required,Please confirm your account details,http://clickme.com,update
trusted_sender,Urgent Action Required,Please confirm your account details,http://phishingsite.com,verify
trusted_sender,Important Information,Click here to claim your prize,http://clickme.com,alert
suspicious_sender,Congratulations!,Please confirm your account details,http://phishingsite.com,alert
trusted_sender,Congratulations!,Your account has been compromised,http://example.com,payment
suspicious_sender,Urgent Action Required,Please confirm your account details,http://phishingsite.com,authentication
suspicious_sender,Congratulations!,Your account has been compromised,http://phishingsite.com,login
trusted_sender,Important Information,Please confirm your account details,http://phishingsite.com,information
trusted_sender,Important Information,Please confirm your account details,http://example.com,transaction
suspicious_sender,Important Information,Please confirm your account details,http://clickme.com,transaction
trusted_sender,Congratulations!,Please confirm your account details,http://clickme.com,authentication
trusted_sender,Congratulations!,Your account has been compromised,http://example.com,credit
trusted_sender,Congratulations!,Your account has been compromised,http://phishingsite.com,credit
suspicious_sender,Congratulations!,Click here to claim your prize,http://clickme.com,urgent
suspicious_sender,Congratulations!,Your account has been compromised,http://example.com,update
trusted_sender,Important Information,Please confirm your account details,http://clickme.com,warning
suspicious_sender,Urgent Action Required,Click here to claim your prize,http://example.com,warning
suspicious_sender,Important Information,Click here to claim your prize,http://phishingsite.com,suspicious
suspicious_sender,Congratulations!,Click here to claim your prize,http://clickme.com,verify
suspicious_sender,Important Information,Please confirm your account details,http://example.com,suspicious
suspicious_sender,Congratulations!,Your account has been compromised,http://clickme.com,verify
trusted_sender,Congratulations!,Please confirm your account details,http://clickme.com,warning
trusted_sender,Important Information,Click here to claim your prize,http://clickme.com,phishing
trusted_sender,Congratulations!,Please confirm your account details,http://clickme.com,urgent
suspicious_sender,Urgent Action Required,Please confirm your account details,http://example.com,information
suspicious_sender,Congratulations!,Your account has been compromised,http://phishingsite.com,update
trusted_sender,Urgent Action Required,Your account has been compromised,http://example.com,suspicious
suspicious_sender,Urgent Action Required,Click here to claim your prize,http://example.com,fraud
trusted_sender,Congratulations!,Please confirm your account details,http://example.com,verify
trusted_sender,Important Information,Please confirm your account details,http://phishingsite.com,verification
trusted_sender,Urgent Action Required,Your account has been compromised,http://clickme.com,suspicious
suspicious_sender,Important Information,Please confirm your account details,http://clickme.com,verification
suspicious_sender,Urgent Action Required,Please confirm your account details,http://clickme.com,risk
trusted_sender,Congratulations!,Please confirm your account details,http://phishingsite.com,login
trusted_sender,Congratulations!,Your account has been compromised,http://clickme.com,fraud
trusted_sender,Urgent Action Required,Click here to claim your prize,http://phishingsite.com,authentication
trusted_sender,Congratulations!,Click here to claim your prize,http://clickme.com,phishing
suspicious_sender,Urgent Action Required,Please confirm your account details,http://clickme.com,authentication
suspicious_sender,Congratulations!,Click here to claim your prize,http://example.com,suspicious
trusted_sender,Important Information,Your account has been compromised,http://phishingsite.com,security
trusted_sender,Congratulations!,Your account has been compromised,http://example.com,authentication
suspicious_sender,Important Information,Click here to claim your prize,http://example.com,suspicious
suspicious_sender,Congratulations!,Click here to claim your prize,http://example.com,update
trusted_sender,Important Information,Please confirm your account details,http://phishingsite.com,login
trusted_sender,Congratulations!,Click here to claim your prize,http://phishingsite.com,security
trusted_sender,Important Information,Please confirm your account details,http://clickme.com,password
suspicious_sender,Urgent Action Required,Please confirm your account details,http://example.com,fraud
suspicious_sender,Urgent Action Required,Your account has been compromised,http://clickme.com,risk
suspicious_sender,Important Information,Your account has been compromised,http://example.com,payment
trusted_sender,Congratulations!,Your account has been compromised,http://phishingsite.com,risk
trusted_sender,Important Information,Your account has been compromised,http://phishingsite.com,transaction
suspicious_sender,Congratulations!,Click here to claim your prize,http://phishingsite.com,login
suspicious_sender,Urgent Action Required,Your account has been compromised,http://example.com,verification
trusted_sender,Congratulations!,Click here to claim your prize,http://phishingsite.com,fraud
suspicious_sender,Urgent Action Required,Your account has been compromised,http://example.com,urgent
suspicious_sender,Congratulations!,Click here to claim your prize,http://clickme.com,urgent
trusted_sender,Congratulations!,Please confirm your account details,http://example.com,suspicious
suspicious_sender,Congratulations!,Click here to claim your prize,http://clickme.com,phishing
trusted_sender,Important Information,Click here to claim your prize,http://example.com,transaction
trusted_sender,Important Information,Your account has been compromised,http://clickme.com,information
trusted_sender,Urgent Action Required,Click here to claim your prize,http://phishingsite.com,transaction
trusted_sender,Urgent Action Required,Please confirm your account details,http://clickme.com,authentication
trusted_sender,Important Information,Please confirm your account details,http://phishingsite.com,security
trusted_sender,Urgent Action Required,Your account has been compromised,http://phishingsite.com,identity
