Sender's Identity,Message Content,Language,Transaction Amount,Receiver's UPI ID,Time of Transaction,Location,Fraudulent
Alice,Please send money urgently,English,5000,xyz@upi,4/7/2024 9:30,Mumbai,Yes
Bob,"Need help, sending money ",English,2000,abc@upi,4/7/2024 10:45,Delhi,Yes
Carol,Transferring for bill,Hindi,3000,pqr@upi,4/7/2024 12:15,Kolkata,No
David,URGENT: Money needed for emergency,English,7000,mno@upi,4/7/2024 14:20,Bangalore,Yes
Eva,भुगतान के लिए पैसे भेजें,Hindi,4000,ijk@upi,4/7/2024 15:30,Chennai,Yes
Frank,Request for payment,English,2500,stu@upi,4/7/2024 16:45,Hyderabad,No
Grace,Transfer for groceries,English,1500,def@upi,4/7/2024 18:00,Pune,No
Hannah,Payment for utilities,English,3500,lmn@upi,4/7/2024 19:15,Delhi,No
John,Money for medical expenses,English,4500,pqr@upi,4/7/2024 20:30,Mumbai,Yes
Kim,बिल के लिए पैसे भेजें,Hindi,6000,xyz@upi,4/7/2024 21:45,Delhi,Yes
Lily,Payment for rent,English,2800,abc@upi,4/7/2024 22:00,Kolkata,No
Mike,Need money urgently,English,3200,mno@upi,4/7/2024 23:15,Bangalore,Yes
Nina,भुगतान के लिए पैसे भेजें,Hindi,3700,ijk@upi,4/8/2024 0:30,Chennai,Yes
Oliver,Transfer for travel expenses,English,1800,stu@upi,4/8/2024 1:45,Hyderabad,No
Peter,Payment for groceries,English,2100,def@upi,4/8/2024 2:00,Pune,No
Quinn,Money for utility bills,English,3900,lmn@upi,4/8/2024 3:15,Delhi,No
Rachel,Please send money urgently,English,4700,xyz@upi,4/8/2024 4:30,Mumbai,Yes
Tom,Transferring for bill,Hindi,3100,pqr@upi,4/8/2024 6:15,Kolkata,No
Uma,URGENT: Money needed for emergency,English,7200,mno@upi,4/8/2024 7:20,Bangalore,Yes
Vivian,भुगतान के लिए पैसे भेजें,Hindi,4200,ijk@upi,4/8/2024 8:30,Chennai,Yes
William,Request for payment,English,2600,stu@upi,4/8/2024 9:45,Hyderabad,No
Xavier,Transfer for groceries,English,1600,def@upi,4/8/2024 10:00,Pune,No
Yara,Payment for utilities,English,3300,lmn@upi,4/8/2024 11:15,Delhi,No
Zara,Money for medical expenses,English,4600,pqr@upi,4/8/2024 12:30,Mumbai,Yes
Ava,बिल के लिए पैसे भेजें,Hindi,6100,xyz@upi,4/8/2024 13:45,Delhi,Yes
Ben,Payment for rent,English,2900,abc@upi,4/8/2024 14:00,Kolkata,No
Cathy,Need money urgently,English,3300,mno@upi,4/8/2024 15:15,Bangalore,Yes
Dylan,भुगतान के लिए पैसे भेजें,Hindi,3800,ijk@upi,4/8/2024 16:30,Chennai,Yes
Emma,Transfer for travel expenses,English,1900,stu@upi,4/8/2024 17:45,Hyderabad,No
Finn,Payment for groceries,English,2200,def@upi,4/8/2024 18:00,Pune,No
Gina,Money for utility bills,English,4000,lmn@upi,4/8/2024 19:15,Delhi,No
Hugo,Please send money urgently,English,4800,xyz@upi,4/8/2024 20:30,Mumbai,Yes
Jack,Transferring for bill,Hindi,3200,pqr@upi,4/8/2024 22:15,Kolkata,No
Kate,URGENT: Money needed for emergency,English,7300,mno@upi,4/8/2024 23:20,Bangalore,Yes
Luna,भुगतान के लिए पैसे भेजें,Hindi,4300,ijk@upi,4/9/2024 0:30,Chennai,Yes
Mark,Request for payment,English,2700,stu@upi,4/9/2024 1:45,Hyderabad,No
Nora,Transfer for groceries,English,1700,def@upi,4/9/2024 2:00,Pune,No
Oscar,Payment for utilities,English,3400,lmn@upi,4/9/2024 3:15,Delhi,No
Penny,Money for medical expenses,English,4700,pqr@upi,4/9/2024 4:30,Mumbai,Yes
Quincy,बिल के लिए पैसे भेजें,Hindi,6200,xyz@upi,4/9/2024 5:45,Delhi,Yes
Riley,Payment for rent,English,3000,abc@upi,4/9/2024 6:00,Kolkata,No
Sam,Need money urgently,English,3400,mno@upi,4/9/2024 7:15,Bangalore,Yes
Tina,भुगतान के लिए पैसे भेजें,Hindi,3900,ijk@upi,4/9/2024 8:30,Chennai,Yes
Ursula,Transfer for travel expenses,English,2000,stu@upi,4/9/2024 9:45,Hyderabad,No
Violet,Payment for groceries,English,2300,def@upi,4/9/2024 10:00,Pune,No
Wade,Money for utility bills,English,4100,lmn@upi,4/9/2024 11:15,Delhi,No
Xander,Please send money urgently,English,4900,xyz@upi,4/9/2024 12:30,Mumbai,Yes
Zane,Transferring for bill,Hindi,3300,pqr@upi,4/9/2024 14:15,Kolkata,No
Alexa,URGENT: Money needed for emergency,English,7400,mno@upi,4/9/2024 15:20,Bangalore,Yes
Beth,भुगतान के लिए पैसे भेजें,Hindi,4400,ijk@upi,4/9/2024 16:30,Chennai,Yes
Cameron,Request for payment,English,2800,stu@upi,4/9/2024 17:45,Hyderabad,No
Diana,Transfer for groceries,English,1800,def@upi,4/9/2024 18:00,Pune,No
Eric,Payment for utilities,English,3500,lmn@upi,4/9/2024 19:15,Delhi,No
Fiona,Money for medical expenses,English,4800,pqr@upi,4/9/2024 20:30,Mumbai,Yes
George,बिल के लिए पैसे भेजें,Hindi,6300,xyz@upi,4/9/2024 21:45,Delhi,Yes
Holly,Payment for rent,English,3100,abc@upi,4/9/2024 22:00,Kolkata,No
Issac,Need money urgently,English,3500,mno@upi,4/9/2024 23:15,Bangalore,Yes
Jasmine,भुगतान के लिए पैसे भेजें,Hindi,4000,ijk@upi,4/10/2024 0:30,Chennai,Yes
Kylie,Transfer for travel expenses,English,2100,stu@upi,4/10/2024 1:45,Hyderabad,No
Liam,Payment for groceries,English,2400,def@upi,4/10/2024 2:00,Pune,No
Megan,Money for utility bills,English,4200,lmn@upi,4/10/2024 3:15,Delhi,No
Natalie,Please send money urgently,English,5000,xyz@upi,4/10/2024 4:30,Mumbai,Yes
Paul,Transferring for bill,Hindi,3400,pqr@upi,4/10/2024 6:15,Kolkata,No
Queenie,URGENT: Money needed for emergency,English,7500,mno@upi,4/10/2024 7:20,Bangalore,Yes
Rita,भुगतान के लिए पैसे भेजें,Hindi,4500,ijk@upi,4/10/2024 8:30,Chennai,Yes
Samuel,Request for payment,English,2900,stu@upi,4/10/2024 9:45,Hyderabad,No
Tiffany,Transfer for groceries,English,1900,def@upi,4/10/2024 10:00,Pune,No
Ursula,Payment for utilities,English,3600,lmn@upi,4/10/2024 11:15,Delhi,No
Victor,Money for medical expenses,English,4900,pqr@upi,4/10/2024 12:30,Mumbai,Yes
Wendy,बिल के लिए पैसे भेजें,Hindi,6400,xyz@upi,4/10/2024 13:45,Delhi,Yes
Xavier,Payment for rent,English,3200,abc@upi,4/10/2024 14:00,Kolkata,No
Yasmine,Need money urgently,English,3600,mno@upi,4/10/2024 15:15,Bangalore,Yes
Zane,भुगतान के लिए पैसे भेजें,Hindi,4100,ijk@upi,4/10/2024 16:30,Chennai,Yes
Adam,Transfer for travel expenses,English,2200,stu@upi,4/10/2024 17:45,Hyderabad,No
Bella,Payment for groceries,English,2500,def@upi,4/10/2024 18:00,Pune,No
Caleb,Money for utility bills,English,4300,lmn@upi,4/10/2024 19:15,Delhi,No
Daisy,Please send money urgently,English,5100,xyz@upi,4/10/2024 20:30,Mumbai,Yes
Felix,Transferring for bill,Hindi,3500,pqr@upi,4/10/2024 22:15,Kolkata,No
Gina,URGENT: Money needed for emergency,English,7600,mno@upi,4/10/2024 23:20,Bangalore,Yes
Hannah,भुगतान के लिए पैसे भेजें,Hindi,4600,ijk@upi,4/11/2024 0:30,Chennai,Yes
Isaac,Request for payment,English,3000,stu@upi,4/11/2024 1:45,Hyderabad,No
Jade,Transfer for groceries,English,2000,def@upi,4/11/2024 2:00,Pune,No
Kane,Payment for utilities,English,3700,lmn@upi,4/11/2024 3:15,Delhi,No
Layla,Money for medical expenses,English,5000,pqr@upi,4/11/2024 4:30,Mumbai,Yes
Milo,बिल के लिए पैसे भेजें,Hindi,6500,xyz@upi,4/11/2024 5:45,Delhi,Yes
Natalie,Payment for rent,English,3300,abc@upi,4/11/2024 6:00,Kolkata,No
Olivia,Need money urgently,English,3700,mno@upi,4/11/2024 7:15,Bangalore,Yes
Parker,भुगतान के लिए पैसे भेजें,Hindi,4200,ijk@upi,4/11/2024 8:30,Chennai,Yes
Quincy,Transfer for travel expenses,English,2300,stu@upi,4/11/2024 9:45,Hyderabad,No
Riley,Payment for groceries,English,2600,def@upi,4/11/2024 10:00,Pune,No
Samantha,Money for utility bills,English,4400,lmn@upi,4/11/2024 11:15,Delhi,No
Tyler,Please send money urgently,English,5200,xyz@upi,4/11/2024 12:30,Mumbai,Yes
Vince,Transferring for bill,Hindi,3600,pqr@upi,4/11/2024 14:15,Kolkata,No
Wanda,URGENT: Money needed for emergency,English,7700,mno@upi,4/11/2024 15:20,Bangalore,Yes
Xena,भुगतान के लिए पैसे भेजें,Hindi,4700,ijk@upi,4/11/2024 16:30,Chennai,Yes
Yuri,Request for payment,English,3100,stu@upi,4/11/2024 17:45,Hyderabad,No
Zara,Transfer for groceries,English,2100,def@upi,4/11/2024 18:00,Pune,No
Aaron,Payment for utilities,English,3800,lmn@upi,4/11/2024 19:15,Delhi,No
Bianca,Money for medical expenses,English,5100,pqr@upi,4/11/2024 20:30,Mumbai,Yes
Charlie,बिल के लिए पैसे भेजें,Hindi,6600,xyz@upi,4/11/2024 21:45,Delhi,Yes
Denise,Payment for rent,English,3400,abc@upi,4/11/2024 22:00,Kolkata,No
Evan,Need money urgently,English,3800,mno@upi,4/11/2024 23:15,Bangalore,Yes
Fiona,भुगतान के लिए पैसे भेजें,Hindi,4300,ijk@upi,4/12/2024 0:30,Chennai,Yes
Greg,Transfer for travel expenses,English,2400,stu@upi,4/12/2024 1:45,Hyderabad,No
Hazel,Payment for groceries,English,2700,def@upi,4/12/2024 2:00,Pune,No
Ian,Money for utility bills,English,4500,lmn@upi,4/12/2024 3:15,Delhi,No
Julia,Please send money urgently,English,5300,xyz@upi,4/12/2024 4:30,Mumbai,Yes
Lucas,Transferring for bill,Hindi,3700,pqr@upi,4/12/2024 6:15,Kolkata,No
Mia,URGENT: Money needed for emergency,English,7800,mno@upi,4/12/2024 7:20,Bangalore,Yes
Nina,भुगतान के लिए पैसे भेजें,Hindi,4800,ijk@upi,4/12/2024 8:30,Chennai,Yes
Owen,Request for payment,English,3200,stu@upi,4/12/2024 9:45,Hyderabad,No
Pamela,Transfer for groceries,English,2200,def@upi,4/12/2024 10:00,Pune,No
Quinn,Payment for utilities,English,3900,lmn@upi,4/12/2024 11:15,Delhi,No
Richard,Money for medical expenses,English,5200,pqr@upi,4/12/2024 12:30,Mumbai,Yes
Samantha,बिल के लिए पैसे भेजें,Hindi,6700,xyz@upi,4/12/2024 13:45,Delhi,Yes
Toby,Payment for rent,English,3500,abc@upi,4/12/2024 14:00,Kolkata,No
Ursula,Need money urgently,English,3900,mno@upi,4/12/2024 15:15,Bangalore,Yes
Vincent,भुगतान के लिए पैसे भेजें,Hindi,4400,ijk@upi,4/12/2024 16:30,Chennai,Yes
Walter,Transfer for travel expenses,English,2500,stu@upi,4/12/2024 17:45,Hyderabad,No
Xena,Payment for groceries,English,2800,def@upi,4/12/2024 18:00,Pune,No
Yolanda,Money for utility bills,English,4600,lmn@upi,4/12/2024 19:15,Delhi,No
Zachary,Please send money urgently,English,5400,xyz@upi,4/12/2024 20:30,Mumbai,Yes
Brent,Transferring for bill,Hindi,3800,pqr@upi,4/12/2024 22:15,Kolkata,No
Cassandra,URGENT: Money needed for emergency,English,7900,mno@upi,4/12/2024 23:20,Bangalore,Yes
Dana,भुगतान के लिए पैसे भेजें,Hindi,4900,ijk@upi,4/13/2024 0:30,Chennai,Yes
Elvis,Request for payment,English,3300,stu@upi,4/13/2024 1:45,Hyderabad,No
Frida,Transfer for groceries,English,2300,def@upi,4/13/2024 2:00,Pune,No
Gordon,Payment for utilities,English,4000,lmn@upi,4/13/2024 3:15,Delhi,No
Holly,Money for medical expenses,English,5300,pqr@upi,4/13/2024 4:30,Mumbai,Yes
Isabella,बिल के लिए पैसे भेजें,Hindi,6800,xyz@upi,4/13/2024 5:45,Delhi,Yes
Jake,Payment for rent,English,3600,abc@upi,4/13/2024 6:00,Kolkata,No
Kane,Need money urgently,English,4000,mno@upi,4/13/2024 7:15,Bangalore,Yes
Luna,भुगतान के लिए पैसे भेजें,Hindi,4500,ijk@upi,4/13/2024 8:30,Chennai,Yes
Max,Transfer for travel expenses,English,2600,stu@upi,4/13/2024 9:45,Hyderabad,No
Nora,Payment for groceries,English,2900,def@upi,4/13/2024 10:00,Pune,No
Oscar,Money for utility bills,English,4700,lmn@upi,4/13/2024 11:15,Delhi,No
Patty,Please send money urgently,English,5500,xyz@upi,4/13/2024 12:30,Mumbai,Yes
Ryan,Transferring for bill,Hindi,3900,pqr@upi,4/13/2024 14:15,Kolkata,No
Sara,URGENT: Money needed for emergency,English,8000,mno@upi,4/13/2024 15:20,Bangalore,Yes
Tara,भुगतान के लिए पैसे भेजें,Hindi,5000,ijk@upi,4/13/2024 16:30,Chennai,Yes
Uri,Request for payment,English,3400,stu@upi,4/13/2024 17:45,Hyderabad,No
Vera,Transfer for groceries,English,2400,def@upi,4/13/2024 18:00,Pune,No
Willow,Payment for utilities,English,4100,lmn@upi,4/13/2024 19:15,Delhi,No
Xavier,Money for medical expenses,English,5400,pqr@upi,4/13/2024 20:30,Mumbai,Yes
Yara,बिल के लिए पैसे भेजें,Hindi,6900,xyz@upi,4/13/2024 21:45,Delhi,Yes
Zack,Payment for rent,English,3700,abc@upi,4/13/2024 22:00,Kolkata,No
Ada,Need money urgently,English,4100,mno@upi,4/13/2024 23:15,Bangalore,Yes
Bobby,भुगतान के लिए पैसे भेजें,Hindi,4600,ijk@upi,4/14/2024 0:30,Chennai,Yes
Carl,Transfer for travel expenses,English,2700,stu@upi,4/14/2024 1:45,Hyderabad,No
Diana,Payment for groceries,English,3000,def@upi,4/14/2024 2:00,Pune,No
Eli,Money for utility bills,English,4800,lmn@upi,4/14/2024 3:15,Delhi,No
Flora,Please send money urgently,English,5600,xyz@upi,4/14/2024 4:30,Mumbai,Yes
Helen,Transferring for bill,Hindi,4000,pqr@upi,4/14/2024 6:15,Kolkata,No
Ivy,URGENT: Money needed for emergency,English,8100,mno@upi,4/14/2024 7:20,Bangalore,Yes
Jake,भुगतान के लिए पैसे भेजें,Hindi,5100,ijk@upi,4/14/2024 8:30,Chennai,Yes
Kelly,Request for payment,English,3500,stu@upi,4/14/2024 9:45,Hyderabad,No
Lenny,Transfer for groceries,English,2500,def@upi,4/14/2024 10:00,Pune,No
Maggie,Payment for utilities,English,4200,lmn@upi,4/14/2024 11:15,Delhi,No
Nash,Money for medical expenses,English,5500,pqr@upi,4/14/2024 12:30,Mumbai,Yes
Oliver,बिल के लिए पैसे भेजें,Hindi,7000,xyz@upi,4/14/2024 13:45,Delhi,Yes
Penny,Payment for rent,English,3800,abc@upi,4/14/2024 14:00,Kolkata,No
Quincy,Need money urgently,English,4200,mno@upi,4/14/2024 15:15,Bangalore,Yes
Ricky,भुगतान के लिए पैसे भेजें,Hindi,4700,ijk@upi,4/14/2024 16:30,Chennai,Yes
Sandy,Transfer for travel expenses,English,2800,stu@upi,4/14/2024 17:45,Hyderabad,No
Tanya,Payment for groceries,English,3100,def@upi,4/14/2024 18:00,Pune,No
Ulysses,Money for utility bills,English,4900,lmn@upi,4/14/2024 19:15,Delhi,No
Vera,Please send money urgently,English,5700,xyz@upi,4/14/2024 20:30,Mumbai,Yes
Xavier,Transferring for bill,Hindi,4100,pqr@upi,4/14/2024 22:15,Kolkata,No
Yara,URGENT: Money needed for emergency,English,8200,mno@upi,4/14/2024 23:20,Bangalore,Yes
Zack,भुगतान के लिए पैसे भेजें,Hindi,5200,ijk@upi,4/15/2024 0:30,Chennai,Yes
Abby,Request for payment,English,3600,stu@upi,4/15/2024 1:45,Hyderabad,No
Bella,Transfer for groceries,English,2600,def@upi,4/15/2024 2:00,Pune,No
Carlos,Payment for utilities,English,4300,lmn@upi,4/15/2024 3:15,Delhi,No
Donna,Money for medical expenses,English,5600,pqr@upi,4/15/2024 4:30,Mumbai,Yes
Ethan,बिल के लिए पैसे भेजें,Hindi,7100,xyz@upi,4/15/2024 5:45,Delhi,Yes
Finn,Payment for rent,English,3900,abc@upi,4/15/2024 6:00,Kolkata,No
Gina,Need money urgently,English,4300,mno@upi,4/15/2024 7:15,Bangalore,Yes
Harry,भुगतान के लिए पैसे भेजें,Hindi,4800,ijk@upi,4/15/2024 8:30,Chennai,Yes
Ivy,Transfer for travel expenses,English,2900,stu@upi,4/15/2024 9:45,Hyderabad,No
Jenna,Payment for groceries,English,3200,def@upi,4/15/2024 10:00,Pune,No
Karl,Money for utility bills,English,5000,lmn@upi,4/15/2024 11:15,Delhi,No
Lila,Please send money urgently,English,5800,xyz@upi,4/15/2024 12:30,Mumbai,Yes
Nathan,Transferring for bill,Hindi,4200,pqr@upi,4/15/2024 14:15,Kolkata,No
Olivia,URGENT: Money needed for emergency,English,8300,mno@upi,4/15/2024 15:20,Bangalore,Yes
Perry,भुगतान के लिए पैसे भेजें,Hindi,5300,ijk@upi,4/15/2024 16:30,Chennai,Yes
Queen,Request for payment,English,3700,stu@upi,4/15/2024 17:45,Hyderabad,No
Rita,Transfer for groceries,English,2700,def@upi,4/15/2024 18:00,Pune,No
Sam,Payment for utilities,English,4400,lmn@upi,4/15/2024 19:15,Delhi,No
Tom,Money for medical expenses,English,5700,pqr@upi,4/15/2024 20:30,Mumbai,Yes
Uma,बिल के लिए पैसे भेजें,Hindi,7200,xyz@upi,4/15/2024 21:45,Delhi,Yes
Vince,Payment for rent,English,4000,abc@upi,4/15/2024 22:00,Kolkata,No
Wendy,Need money urgently,English,4400,mno@upi,4/15/2024 23:15,Bangalore,Yes
Xander,भुगतान के लिए पैसे भेजें,Hindi,4900,ijk@upi,4/16/2024 0:30,Chennai,Yes
Yara,Transfer for travel expenses,English,3000,stu@upi,4/16/2024 1:45,Hyderabad,No
Zane,Payment for groceries,English,3300,def@upi,4/16/2024 2:00,Pune,No
Adam,Money for utility bills,English,5100,lmn@upi,4/16/2024 3:15,Delhi,No
Bianca,Please send money urgently,English,5900,xyz@upi,4/16/2024 4:30,Mumbai,Yes
Denise,Transferring for bill,Hindi,4300,pqr@upi,4/16/2024 6:15,Kolkata,No
Evan,URGENT: Money needed for emergency,English,8400,mno@upi,4/16/2024 7:20,Bangalore,Yes
Fiona,भुगतान के लिए पैसे भेजें,Hindi,5400,ijk@upi,4/16/2024 8:30,Chennai,Yes
Greg,Request for payment,English,3800,stu@upi,4/16/2024 9:45,Hyderabad,No
Hazel,Transfer for groceries,English,2800,def@upi,4/16/2024 10:00,Pune,No
Ian,Payment for utilities,English,4500,lmn@upi,4/16/2024 11:15,Delhi,No
Julia,Money for medical expenses,English,5800,pqr@upi,4/16/2024 12:30,Mumbai,Yes
Kenny,बिल के लिए पैसे भेजें,Hindi,7300,xyz@upi,4/16/2024 13:45,Delhi,Yes
Lucas,Payment for rent,English,4100,abc@upi,4/16/2024 14:00,Kolkata,No
Mia,Need money urgently,English,4500,mno@upi,4/16/2024 15:15,Bangalore,Yes
Nora,भुगतान के लिए पैसे भेजें,Hindi,5000,ijk@upi,4/16/2024 16:30,Chennai,Yes
Oscar,Transfer for travel expenses,English,3100,stu@upi,4/16/2024 17:45,Hyderabad,No
Pamela,Payment for groceries,English,3400,def@upi,4/16/2024 18:00,Pune,No
Quinn,Money for utility bills,English,5200,lmn@upi,4/16/2024 19:15,Delhi,No
Richard,Please send money urgently,English,6000,xyz@upi,4/16/2024 20:30,Mumbai,Yes
Toby,Transferring for bill,Hindi,4400,pqr@upi,4/16/2024 22:15,Kolkata,No
Ursula,URGENT: Money needed for emergency,English,8500,mno@upi,4/16/2024 23:20,Bangalore,Yes
Violet,भुगतान के लिए पैसे भेजें,Hindi,5500,ijk@upi,4/17/2024 0:30,Chennai,Yes
Wade,Request for payment,English,3900,stu@upi,4/17/2024 1:45,Hyderabad,No
Xander,Transfer for groceries,English,2900,def@upi,4/17/2024 2:00,Pune,No
Yvonne,Payment for utilities,English,4600,lmn@upi,4/17/2024 3:15,Delhi,No
Zara,Money for medical expenses,English,5900,pqr@upi,4/17/2024 4:30,Mumbai,Yes
Aaron,बिल के लिए पैसे भेजें,Hindi,7400,xyz@upi,4/17/2024 5:45,Delhi,Yes
Bella,Payment for rent,English,4200,abc@upi,4/17/2024 6:00,Kolkata,No
Carlos,Need money urgently,English,4600,mno@upi,4/17/2024 7:15,Bangalore,Yes
Daisy,भुगतान के लिए पैसे भेजें,Hindi,5100,ijk@upi,4/17/2024 8:30,Chennai,Yes
Elvis,Transfer for travel expenses,English,3200,stu@upi,4/17/2024 9:45,Hyderabad,No
Frida,Payment for groceries,English,3500,def@upi,4/17/2024 10:00,Pune,No
Gus,Money for utility bills,English,5300,lmn@upi,4/17/2024 11:15,Delhi,No
Hazel,Please send money urgently,English,6100,xyz@upi,4/17/2024 12:30,Mumbai,Yes
Jake,Transferring for bill,Hindi,4500,pqr@upi,4/17/2024 14:15,Kolkata,No
Kelly,URGENT: Money needed for emergency,English,8600,mno@upi,4/17/2024 15:20,Bangalore,Yes
Lucas,भुगतान के लिए पैसे भेजें,Hindi,5600,ijk@upi,4/17/2024 16:30,Chennai,Yes
Mia,Request for payment,English,4000,stu@upi,4/17/2024 17:45,Hyderabad,No
Nolan,Transfer for groceries,English,3000,def@upi,4/17/2024 18:00,Pune,No
Olivia,Payment for utilities,English,4700,lmn@upi,4/17/2024 19:15,Delhi,No
Penny,Money for medical expenses,English,6000,pqr@upi,4/17/2024 20:30,Mumbai,Yes
Quincy,बिल के लिए पैसे भेजें,Hindi,7500,xyz@upi,4/17/2024 21:45,Delhi,Yes
Ryan,Payment for rent,English,4300,abc@upi,4/17/2024 22:00,Kolkata,No
Sara,Need money urgently,English,4700,mno@upi,4/17/2024 23:15,Bangalore,Yes
Toby,भुगतान के लिए पैसे भेजें,Hindi,5200,ijk@upi,4/18/2024 0:30,Chennai,Yes
Ursula,Transfer for travel expenses,English,3300,stu@upi,4/18/2024 1:45,Hyderabad,No
Vincent,Payment for groceries,English,3600,def@upi,4/18/2024 2:00,Pune,No
Walter,Money for utility bills,English,5400,lmn@upi,4/18/2024 3:15,Delhi,No
Xena,Please send money urgently,English,6200,xyz@upi,4/18/2024 4:30,Mumbai,Yes
Zane,Transferring for bill,Hindi,4600,pqr@upi,4/18/2024 6:15,Kolkata,No
Adam,URGENT: Money needed for emergency,English,8700,mno@upi,4/18/2024 7:20,Bangalore,Yes
Bianca,भुगतान के लिए पैसे भेजें,Hindi,5700,ijk@upi,4/18/2024 8:30,Chennai,Yes
Carlos,Request for payment,English,4100,stu@upi,4/18/2024 9:45,Hyderabad,No
Donna,Transfer for groceries,English,3100,def@upi,4/18/2024 10:00,Pune,No
Eli,Payment for utilities,English,4800,lmn@upi,4/18/2024 11:15,Delhi,No
Flora,Money for medical expenses,English,6100,pqr@upi,4/18/2024 12:30,Mumbai,Yes
Gavin,बिल के लिए पैसे भेजें,Hindi,7600,xyz@upi,4/18/2024 13:45,Delhi,Yes
Helen,Payment for rent,English,4400,abc@upi,4/18/2024 14:00,Kolkata,No
Isaac,Need money urgently,English,4800,mno@upi,4/18/2024 15:15,Bangalore,Yes
Jade,भुगतान के लिए पैसे भेजें,Hindi,5300,ijk@upi,4/18/2024 16:30,Chennai,Yes
Kane,Transfer for travel expenses,English,3400,stu@upi,4/18/2024 17:45,Hyderabad,No
Layla,Payment for groceries,English,3700,def@upi,4/18/2024 18:00,Pune,No
Milo,Money for utility bills,English,5500,lmn@upi,4/18/2024 19:15,Delhi,No
Natalie,Please send money urgently,English,6300,xyz@upi,4/18/2024 20:30,Mumbai,Yes
Parker,Transferring for bill,Hindi,4700,pqr@upi,4/18/2024 22:15,Kolkata,No
Quincy,URGENT: Money needed for emergency,English,8800,mno@upi,4/18/2024 23:20,Bangalore,Yes
Rachel,भुगतान के लिए पैसे भेजें,Hindi,5800,ijk@upi,4/19/2024 0:30,Chennai,Yes
Sam,Request for payment,English,4200,stu@upi,4/19/2024 1:45,Hyderabad,No
Tom,Transfer for groceries,English,3200,def@upi,4/19/2024 2:00,Pune,No
Una,Payment for utilities,English,4900,lmn@upi,4/19/2024 3:15,Delhi,No
Vivian,Money for medical expenses,English,6200,pqr@upi,4/19/2024 4:30,Mumbai,Yes
Wade,बिल के लिए पैसे भेजें,Hindi,7700,xyz@upi,4/19/2024 5:45,Delhi,Yes
Xavier,Payment for rent,English,4500,abc@upi,4/19/2024 6:00,Kolkata,No
Yara,Need money urgently,English,4900,mno@upi,4/19/2024 7:15,Bangalore,Yes
Zara,भुगतान के लिए पैसे भेजें,Hindi,5400,ijk@upi,4/19/2024 8:30,Chennai,Yes
Adam,Transfer for travel expenses,English,3500,stu@upi,4/19/2024 9:45,Hyderabad,No
Bella,Payment for groceries,English,3800,def@upi,4/19/2024 10:00,Pune,No
Carlos,Money for utility bills,English,5600,lmn@upi,4/19/2024 11:15,Delhi,No
David,Please send money urgently,English,6400,xyz@upi,4/19/2024 12:30,Mumbai,Yes
Frank,Transferring for bill,Hindi,4800,pqr@upi,4/19/2024 14:15,Kolkata,No
Grace,URGENT: Money needed for emergency,English,8900,mno@upi,4/19/2024 15:20,Bangalore,Yes
Henry,भुगतान के लिए पैसे भेजें,Hindi,5900,ijk@upi,4/19/2024 16:30,Chennai,Yes
Ivy,Request for payment,English,4300,stu@upi,4/19/2024 17:45,Hyderabad,No
Jake,Transfer for groceries,English,3300,def@upi,4/19/2024 18:00,Pune,No
Kara,Payment for utilities,English,5000,lmn@upi,4/19/2024 19:15,Delhi,No
Luke,Money for medical expenses,English,6300,pqr@upi,4/19/2024 20:30,Mumbai,Yes
Mia,बिल के लिए पैसे भेजें,Hindi,7800,xyz@upi,4/19/2024 21:45,Delhi,Yes
Nora,Payment for rent,English,4600,abc@upi,4/19/2024 22:00,Kolkata,No
Oliver,Need money urgently,English,5000,mno@upi,4/19/2024 23:15,Bangalore,Yes
Penny,भुगतान के लिए पैसे भेजें,Hindi,5500,ijk@upi,4/20/2024 0:30,Chennai,Yes
Quinn,Transfer for travel expenses,English,3600,stu@upi,4/20/2024 1:45,Hyderabad,No
Rachel,Payment for groceries,English,3900,def@upi,4/20/2024 2:00,Pune,No
Sam,Money for utility bills,English,5700,lmn@upi,4/20/2024 3:15,Delhi,No
Toby,Please send money urgently,English,6500,xyz@upi,4/20/2024 4:30,Mumbai,Yes
Violet,Transferring for bill,Hindi,4900,pqr@upi,4/20/2024 6:15,Kolkata,No
Walter,URGENT: Money needed for emergency,English,9000,mno@upi,4/20/2024 7:20,Bangalore,Yes
Xander,भुगतान के लिए पैसे भेजें,Hindi,6000,ijk@upi,4/20/2024 8:30,Chennai,Yes
Yara,Request for payment,English,4400,stu@upi,4/20/2024 9:45,Hyderabad,No
Zack,Transfer for groceries,English,3400,def@upi,4/20/2024 10:00,Pune,No
Adam,Payment for utilities,English,5100,lmn@upi,4/20/2024 11:15,Delhi,No
Bianca,Money for medical expenses,English,6400,pqr@upi,4/20/2024 12:30,Mumbai,Yes
Carlos,बिल के लिए पैसे भेजें,Hindi,7900,xyz@upi,4/20/2024 13:45,Delhi,Yes
Diana,Payment for rent,English,4700,abc@upi,4/20/2024 14:00,Kolkata,No
Ethan,Need money urgently,English,5100,mno@upi,4/20/2024 15:15,Bangalore,Yes
Fiona,भुगतान के लिए पैसे भेजें,Hindi,6100,ijk@upi,4/20/2024 16:30,Chennai,Yes
George,Transfer for travel expenses,English,3700,stu@upi,4/20/2024 17:45,Hyderabad,No
Hazel,Payment for groceries,English,4000,def@upi,4/20/2024 18:00,Pune,No
Isaac,Money for utility bills,English,5800,lmn@upi,4/20/2024 19:15,Delhi,No
Jade,Please send money urgently,English,6600,xyz@upi,4/20/2024 20:30,Mumbai,Yes
Lucas,Transferring for bill,Hindi,5000,pqr@upi,4/20/2024 22:15,Kolkata,No
Mia,URGENT: Money needed for emergency,English,9100,mno@upi,4/20/2024 23:20,Bangalore,Yes
Nina,भुगतान के लिए पैसे भेजें,Hindi,6200,ijk@upi,4/21/2024 0:30,Chennai,Yes
Owen,Request for payment,English,4500,stu@upi,4/21/2024 1:45,Hyderabad,No
Pam,Transfer for groceries,English,3500,def@upi,4/21/2024 2:00,Pune,No
Quinn,Payment for utilities,English,5200,lmn@upi,4/21/2024 3:15,Delhi,No
